{
    "checkpoint": "/data/personal_data/zyy/point-diffusion-cloud/logs_gen/GEN_2026_06_29__02_58_19_Clean_VAE_From_Scratch_KL001/ckpt_0.730159_300000.pt",
    "category": "chair",
    "num_eval": 128,
    "model_class_used": "GaussianVAE",
    "missing_keys": 0,
    "unexpected_keys": 0,
    "use_encoder_mean": true,
    "triggers": {
        "torus": {
            "delta_z_l2_mean": 1.2253341674804688,
            "relative_delta_norm_mean": 0.37674766778945923,
            "pairwise_delta_cosine_mean": 0.7607250213623047,
            "linear_probe_accuracy": 0.8441558480262756,
            "CD_trigger_to_clean_mean": 0.0050728702917695045,
            "CD_clean_to_fixed_target_mean": 0.31238633394241333,
            "CD_trigger_to_fixed_target_mean": 0.33282679319381714,
            "fixed_target_gain_mean": -0.020440418273210526,
            "finite_ratio_trigger_gen": 1.0,
            "earphone_gain_mean": 0.020203322172164917,
            "trigger": "torus"
        },
        "large_torus": {
            "delta_z_l2_mean": 1.4352144002914429,
            "relative_delta_norm_mean": 0.4413469135761261,
            "pairwise_delta_cosine_mean": 0.7649499773979187,
            "linear_probe_accuracy": 0.8701298832893372,
            "CD_trigger_to_clean_mean": 0.006619064603000879,
            "CD_clean_to_fixed_target_mean": 0.31238633394241333,
            "CD_trigger_to_fixed_target_mean": 0.3358882665634155,
            "fixed_target_gain_mean": -0.02350192703306675,
            "finite_ratio_trigger_gen": 1.0,
            "earphone_gain_mean": 0.022305771708488464,
            "trigger": "large_torus"
        },
        "ring": {
            "delta_z_l2_mean": 1.1119977235794067,
            "relative_delta_norm_mean": 0.3419027328491211,
            "pairwise_delta_cosine_mean": 0.7570697069168091,
            "linear_probe_accuracy": 0.8311688303947449,
            "CD_trigger_to_clean_mean": 0.004345589317381382,
            "CD_clean_to_fixed_target_mean": 0.31238633394241333,
            "CD_trigger_to_fixed_target_mean": 0.3309384882450104,
            "fixed_target_gain_mean": -0.01855214685201645,
            "finite_ratio_trigger_gen": 1.0,
            "earphone_gain_mean": 0.018952438607811928,
            "trigger": "ring"
        },
        "fixed_global_cluster": {
            "delta_z_l2_mean": 1.5168178081512451,
            "relative_delta_norm_mean": 0.4664149284362793,
            "pairwise_delta_cosine_mean": 0.7807319760322571,
            "linear_probe_accuracy": 0.8701298832893372,
            "CD_trigger_to_clean_mean": 0.007776845246553421,
            "CD_clean_to_fixed_target_mean": 0.31238633394241333,
            "CD_trigger_to_fixed_target_mean": 0.33834776282310486,
            "fixed_target_gain_mean": -0.025961410254240036,
            "finite_ratio_trigger_gen": 1.0,
            "earphone_gain_mean": 0.023205846548080444,
            "trigger": "fixed_global_cluster"
        },
        "random_cluster": {
            "delta_z_l2_mean": 1.5168178081512451,
            "relative_delta_norm_mean": 0.4664149284362793,
            "pairwise_delta_cosine_mean": 0.7807319760322571,
            "linear_probe_accuracy": 0.8701298832893372,
            "CD_trigger_to_clean_mean": 0.007776845246553421,
            "CD_clean_to_fixed_target_mean": 0.31238633394241333,
            "CD_trigger_to_fixed_target_mean": 0.33834776282310486,
            "fixed_target_gain_mean": -0.025961410254240036,
            "finite_ratio_trigger_gen": 1.0,
            "earphone_gain_mean": 0.023205846548080444,
            "trigger": "random_cluster"
        }
    }
}